run_time,case,symbol,period,horizon,model,feature_set,forecast_date,latest_close,direction,prob_up,prob_down,expected_price,lower_price,upper_price,model_quality,accuracy,roc_auc,target_date,target_close,actual_return,actual_direction,prediction_correct,evaluated_at,live_bid,live_ask,live_mid,live_spread,live_price_time,live_price_age_minutes,forecast_date_bj,live_price_time_bj
2026-09-26 00:29:08,H1_12bar,XAUUSD,H1,12,xgb,h1_external_intraday_v4_gld,2026-09-24 08:00:00,4290.07,偏空,0.3563829660415649,0.6436170339584351,4284.430184587364,4211.982415428262,4334.376399445276,偏低,0.5751269035532995,0.5792049168176759,2026-09-24 20:00:00,4264.82,-0.0058856848489651,0.0,1.0,2026-09-26 00:32:52,,,,,,,,
2026-09-26 00:31:35,H1_12bar,XAUUSD,H1,12,xgb,h1_external_intraday_v4_gld,2026-09-25 19:00:00,4292.94,震荡/方向不明,0.4160583913326263,0.5839416086673737,4296.375132544596,4223.878896787632,4346.354760758615,偏低,0.5751269035532995,0.5792049168176759,2026-09-28 08:00:00,4179.51,-0.0264224517463554,0.0,,2026-09-28 18:06:29,,,,,,,,
2026-09-26 00:32:51,H1_12bar,XAUUSD,H1,12,xgb,h1_external_intraday_v4_gld,2026-09-25 19:00:00,4292.17,震荡/方向不明,0.4160583913326263,0.5839416086673737,4295.6045164045945,4223.121283881203,4345.575180059658,偏低,0.5751269035532995,0.5792049168176759,2026-09-28 08:00:00,4179.51,-0.0262477954041894,0.0,,2026-09-28 18:06:29,,,,,,,,
2026-09-26 01:06:56,H1_12bar,XAUUSD,H1,12,xgb,h1_external_intraday_v4_gld,2026-09-25 20:00:00,4291.76,震荡/方向不明,0.4160583913326263,0.5839416086673737,4294.725554796849,4222.249246073152,4344.691445115325,偏低,0.5751269035532995,0.5792049168176759,2026-09-28 09:00:00,4164.26,-0.0297080917851884,0.0,,2026-09-28 18:06:29,,,,,,,,
2026-09-26 02:46:57,H1_12bar,XAUUSD,H1,12,xgb,h1_external_intraday_v4_gld,2026-09-25 21:00:00,4289.91,震荡/方向不明,0.4712643623352051,0.5287356376647949,4295.521002792005,4226.906436593128,4343.491039099065,偏低,0.5731548480463097,0.5753099849201105,2026-09-28 10:00:00,4155.64,-0.0312990249212686,0.0,,2026-09-28 18:06:29,4291.2,4291.31,4291.255,0.110000000000582,2026.09.25 21:47:01.336,299.9,2026-09-26 02:00,2026-09-26 02:47
2026-09-26 03:11:31,H1_12bar,XAUUSD,H1,12,xgb,h1_external_intraday_v4_gld,2026-09-25 22:00:00,4294.23,震荡/方向不明,0.39878049492836,0.60121950507164,4295.433489992295,4226.749827955516,4343.451832803886,偏低,0.5731548480463097,0.5753099849201105,2026-09-28 11:00:00,4144.55,-0.0348560743136718,0.0,,2026-09-28 18:06:29,4294.38,4294.49,4294.435,0.1099999999996725,2026.09.25 22:11:35.303,299.9,2026-09-26 03:00,2026-09-26 03:11
2026-09-28 10:06:24,H1_12bar,XAUUSD,H1,12,xgb,h1_external_intraday_v5,2026-09-25 23:00:00,4285.14,偏空,0.419117659330368,0.580882340669632,4284.059307648285,4215.146821853824,4334.188539417781,中等,0.5777938517179023,0.5806861935669778,2026-09-28 12:00:00,4145.89,-0.0324960211334985,0.0,1.0,2026-09-28 17:08:39,4215.04,4215.15,4215.094999999999,0.1099999999996725,2026.09.28 05:06:27.111,300.0,2026-09-26 04:00,2026-09-28 10:06
2026-09-28 11:07:25,H1_12bar,XAUUSD,H1,12,xgb,h1_external_intraday_v5,2026-09-28 06:00:00,4199.28,偏多,0.578635036945343,0.421364963054657,4202.096749126198,4134.565041096364,4251.221557273659,中等,0.5777938517179023,0.5806861935669778,,,,,,,4201.03,4201.14,4201.085,0.110000000000582,2026.09.28 06:07:27.819,300.0,2026-09-28 11:00,2026-09-28 11:07
2026-09-28 12:07:26,H1_12bar,XAUUSD,H1,12,xgb,h1_external_intraday_v5,2026-09-28 07:00:00,4196.56,偏多,0.578635036945343,0.421364963054657,4197.726967674205,4130.239001963492,4246.819956205408,中等,0.5777938517179023,0.5806861935669778,,,,,,,4196.73,4196.84,4196.785,0.110000000000582,2026.09.28 07:07:30.188,299.9,2026-09-28 12:00,2026-09-28 12:07
2026-09-28 13:08:24,H1_12bar,XAUUSD,H1,12,xgb,h1_external_intraday_v5,2026-09-28 08:00:00,4190.1,偏多,0.578635036945343,0.421364963054657,4190.350915214084,4122.966837511285,4239.368332156673,中等,0.5777938517179023,0.5806861935669778,,,,,,,4190.14,4190.25,4190.195,0.1099999999996725,2026.09.28 08:08:27.823,299.9,2026-09-28 13:00,2026-09-28 13:08
2026-09-28 14:06:38,H1_12bar,XAUUSD,H1,12,xgb,h1_external_intraday_v5,2026-09-28 09:00:00,4175.79,偏多,0.578635036945343,0.421364963054657,4176.263175268331,4109.10922719297,4225.113188273914,中等,0.5777938517179023,0.5806861935669778,,,,,,,4179.06,4179.17,4179.115,0.1099999999996725,2026.09.28 09:06:41.648,299.9,2026-09-28 14:00,2026-09-28 14:06
2026-09-28 16:16:33,H1_12bar,XAUUSD,H1,12,xgb,h1_external_intraday_v5,2026-09-28 11:00:00,4155.97,偏多,0.5844155550003052,0.4155844449996948,4160.4709202692575,4093.6357121810256,4209.089071218135,中等,0.5777938517179023,0.5806861935669778,,,,,,,4153.15,4153.26,4153.205,0.110000000000582,2026-09-28T11:16:36.719,299.9,2026-09-28 16:00,2026-09-28 16:16
2026-09-28 17:08:38,H1_12bar,XAUUSD,H1,12,xgb,h1_external_intraday_v5,2026-09-28 12:00:00,4145.89,偏多,0.5844155550003052,0.4155844449996948,4152.008062614452,4085.334958414729,4200.50829380896,中等,0.5777938517179023,0.5806861935669778,,,,,,,4144.2,4144.31,4144.255,0.110000000000582,2026-09-28T12:08:42.728,299.9,2026-09-28 17:00,2026-09-28 17:08
2026-09-28 18:06:28,H1_12bar,XAUUSD,H1,12,xgb,h1_external_intraday_v5,2026-09-28 13:00:00,4158.92,偏多,0.6666666269302368,0.3333333730697632,4162.615312559188,4095.732663352792,4211.267973753639,中等,0.5777938517179023,0.5806861935669778,,,,,,,4157.12,4157.23,4157.174999999999,0.1099999999996725,2026-09-28T13:06:33.183,299.9,2026-09-28 18:00,2026-09-28 18:06
